month,min_temp
1,-76.98850574712644
2,-76.9090909090909
3,-77.34920634920636
4,-76.09859154929578
5,-75.57342657342657
6,-75.67123287671232
7,-76.177304964539
8,-75.85161290322581
9,-75.816091954023
10,-75.68508287292818
11,-75.5379746835443
12,-75.99421965317919
