month,pressure
1,861.2586206896551
2,837.9675324675325
3,827.7222222222222
4,817.6760563380282
5,803.6013986013986
6,807.9109589041096
7,822.5106382978723
8,829.6064516129032
9,845.5862068965517
10,865.4751381215469
11,875.4810126582279
12,875.2601156069364
